{"cameraMode":{"drawMode":0,"name":"Shaded","section":"Shading Mode"},"sceneLighting":true,"audioPlay":false,"sceneViewState":{"m_AlwaysRefresh":false,"showFog":true,"showSkybox":true,"showFlares":true,"showImageEffects":true,"showParticleSystems":true,"showVisualEffectGraphs":true,"m_FxEnabled":true},"in2DMode":false,"pivot":{"x":-49.7741813659668,"y":18.28014373779297,"z":-6.977077484130859},"rotation":{"x":0.5033015012741089,"y":0.0032773895654827358,"z":0.016678668558597566,"w":0.865908145904541},"size":10.400835037231446,"orthographic":false}